order,hmax,C_w,ndof,res,E_u,E_curl_u,E_H_curl_u,E_p,E_grad_p,E_gamma_p_u,E_u_n_Gamma,HT_E_gamma_p_u,HT_E_gamma_n_u,HT_E_u,E_h_grad_p,X_E_u_p
1,0.4330127018922193,1.0,125,9.580500539584166e-15,0.2165801986303324,1.4510473419827523,1.4671214575194398,0.4684137055066924,4.8285383488793565,0.5812329964702063,0.9431703939504054,0.821987586506919,2.8144043035783675,3.2785637934141025,3.4142922097118884,4.7566567292891415
1,0.4330127018922193,2.0,125,3.592395754597594e-15,0.3215571494040669,2.6073684048633354,2.627121808940812,0.4458073045720653,4.593166358689258,0.9786772503837661,0.9431703939504054,1.3840586406787314,5.545127429748297,6.290137163210105,3.247859079347096,7.093176882335872
1,0.4330127018922193,3.0,125,2.3123541766200923e-14,0.22941515933048098,1.9598812514687673,1.9732627385093482,0.3383791658346503,3.694908365866916,0.7659977346634297,0.9431703939504054,1.0832843851080898,4.672548005321069,5.186518654766251,2.6126947613674014,5.817271708643661
1,0.4330127018922193,4.0,125,4.135281145577793e-15,0.15722727809486606,0.8975243084625399,0.9111916929265109,0.16541059905150707,1.6748461393967793,0.39404232778547027,0.9431703939504054,0.5572600041032767,2.061886424525185,2.322107801346164,1.1842950626115722,2.6119150259297186
1,0.4330127018922193,5.0,125,4.388245033293858e-15,0.1402558465725677,0.31215325987931625,0.34221537100351235,0.13573389135593936,1.095122111778898,0.286480778698178,0.9431703939504054,0.40514500259416864,0.7262700383849714,0.8992897207984801,0.7743682714661911,1.1944839517758163
1,0.4330127018922193,6.0,125,4.827151997907915e-15,0.13995292236013113,0.25562549565109993,0.29142960471443424,0.1508583292019903,1.1971626947980902,0.27843376318040064,0.9431703939504054,0.39376480411230114,0.5825600467013466,0.7611557944824998,0.8465218596752907,1.1483534464057719
1,0.4330127018922193,7.0,125,3.6307277737145395e-15,0.14025446931437255,0.24378042746280348,0.2812476008370622,0.16340798186016192,1.295035861409588,0.2757738110021709,0.9431703939504054,0.39000306366658477,0.5505396077166761,0.7309558552407643,0.9157286394824817,1.1830289818997695
1,0.4330127018922193,8.0,125,5.517497954191732e-15,0.14058036174209082,0.23889688874881435,0.2771904788433407,0.1738763334635413,1.3801887254678078,0.27418707170655066,0.9431703939504054,0.38775907543476823,0.536351806212649,0.7175408853654248,0.975940807095505,1.223747670258844
1,0.4330127018922193,9.0,125,5.117113179530288e-15,0.14088726425476117,0.23677768888370615,0.2755229485583734,0.18284049382662532,1.4551341049268278,0.2730951051944298,0.9431703939504054,0.3862148015836698,0.5292550305003099,0.7107641348960267,1.0289351931295772,1.263852813146318
1,0.4330127018922193,10.0,125,5.358820629259152e-15,0.14116867111521192,0.23604626625804176,0.27503896727336147,0.19066310101539005,1.5218792441737217,0.27228666023652215,0.9431703939504054,0.3850714877597646,0.5257750032610988,0.7073654205985221,1.076131133702296,1.3018358088755733
1,0.4330127018922193,11.0,125,5.373237808880296e-15,0.1414253491172437,0.23608607682546953,0.27520495097976666,0.19758555356971538,1.5818919398954088,0.27165986342528253,0.9431703939504054,0.3841850632084573,0.5243630503454463,0.7058983895744791,1.118566517804386,1.3373569613743086
1,0.4330127018922193,12.0,125,7.639424668386345e-15,0.14165970752192805,0.23657702676467252,0.27574655451702523,0.20377761929896768,1.636269789583631,0.27115801452918953,0.9431703939504054,0.3834753416933406,0.5242106324676488,0.7056105775900525,1.1570174640652706,1.3704382574512988
1,0.4330127018922193,13.0,125,5.776840971781049e-15,0.14187434057228882,0.23733784644622405,0.2765096415471859,0.2093639928021371,1.6858574779792908,0.2707465134159497,0.9431703939504054,0.3828933912380652,0.5248538177995818,0.7060711444189856,1.1920812547932071,1.401223558356245
1,0.4330127018922193,14.0,125,7.078937490208066e-15,0.14207162580489954,0.2382598441437318,0.27740241561717294,0.214439439221229,1.731321482447512,0.270402816789784,0.9431703939504054,0.38240733080799977,0.526009165820662,0.7070170502705649,1.224229160652582,1.4298931499447542
1,0.4330127018922193,15.0,125,7.306569961991798e-15,0.14225363566348712,0.23927520871467986,0.27836796217405074,0.21907795495278617,1.7731985983258787,0.27011149310453125,0.9431703939504054,0.38199533690127485,0.5274956493907659,0.7082801846059495,1.2538407532667097,1.45663056565629
1,0.4330127018922193,16.0,125,7.48794172330824e-15,0.14242214623971416,0.24034043790289505,0.2793699945070728,0.22333859562611902,1.8119285451288305,0.2698615625697955,0.9431703939504054,0.38164188174940034,0.5291938332408858,0.7097494155519168,1.2812269612860714,1.4816095597352479
1,0.4330127018922193,17.0,125,7.111645097395006e-15,0.14257867329391533,0.2414270920247976,0.28038494760204785,0.22726934473714183,1.847876617164448,0.26964496620687384,0.9431703939504054,0.3813355682353959,0.5310229980634817,0.7113493929958357,1.3066460867930392,1.5049894717586418
1,0.4330127018922193,18.0,125,1.203629809485612e-14,0.14272451214969112,0.24251636960683573,0.2813973629863057,0.2309097754153943,1.8813498911423117,0.26945563597363115,0.9431703939504054,0.3810678148517768,0.5329276189488605,0.7130280516571958,1.3303152658113016,1.5269142193597642
1,0.4330127018922193,19.0,125,7.832505416206589e-15,0.14286077397719732,0.2435957954505225,0.28239708267355856,0.2342929383782044,1.912609124630538,0.26928890452514126,0.9431703939504054,0.3808320209760483,0.5348690273244048,0.7147489187779109,1.3524188817855198,1.5475128528313042
1,0.4330127018922193,20.0,125,1.0446507415818938e-14,0.1429884166193303,0.24465713150183113,0.28337748548889247,0.2374467362420536,1.9418776857284328,0.2691411165205391,0.9431703939504054,0.3806230171755839,0.5368200890961398,0.7164862095972536,1.3731148798134143,1.5669007352924593
2,0.4330127018922193,1.0,561,3.591860101989376e-14,0.024437307362797946,0.36600949551847073,0.3668243895937528,0.151103058433983,2.9042881673662415,0.08839027048179797,0.9431703939504054,0.12500271929718493,0.9676533157771108,1.0423716957817672,2.05364185766452,2.307989550666736
2,0.4330127018922193,2.0,561,2.0009472287831292e-14,0.019680946494993037,0.2958618745979764,0.29651574746641624,0.08489992242802784,1.8668617226895963,0.0703328264565938,0.9431703939504054,0.0994656370549482,0.8269845926391073,0.8841484705143048,1.3200705836514135,1.591072864630295
2,0.4330127018922193,3.0,561,1.2092621566549803e-14,0.028288393936439574,0.44048464091294276,0.4413920616772659,0.1301907023375613,2.394375497007929,0.10726991409801105,0.9431703939504054,0.1517025673520041,1.1624692433078785,1.252667299281692,1.6930791506412166,2.11012843021481
2,0.4330127018922193,4.0,561,3.135118360087524e-14,0.04830397219900467,0.7835651250491806,0.7850525962784534,0.13142992215339092,2.784767630204952,0.22289662582096068,0.9431703939504054,0.31522343124320357,2.2965399333717227,2.447400469089453,1.9691280753467135,3.143963781225091
2,0.4330127018922193,5.0,561,6.578373415990234e-14,0.02754553485759337,0.4403228720832675,0.4411836218291069,0.0754047487263181,1.2852510559152257,0.12356943101003046,0.9431703939504054,0.17475356522911156,1.3222532709706751,1.4048257932296029,0.9088097371648266,1.6748601505257876
2,0.4330127018922193,6.0,561,8.594694441297731e-15,0.049848742335985435,0.8072983331432871,0.8088358892930069,0.10529565961889346,1.6091142020942282,0.2262067058815611,0.9431703939504054,0.3199045913574455,2.3253345926882316,2.482687135209052,1.1378155640044094,2.7330288774467384
2,0.4330127018922193,7.0,561,9.830658802734524e-15,0.018758073640163492,0.3018190497922652,0.3024013957378432,0.04077834439011834,0.661598479942508,0.07800252111033802,0.9431703939504054,0.11031222325353368,0.900803946155998,0.9565893268030703,0.4678207715900594,1.0656370338233694
2,0.4330127018922193,8.0,561,1.5870736701453207e-14,0.012010348493354453,0.14371544236570233,0.14421642363233575,0.029544867941422165,0.49473450384336587,0.039457309756533554,0.9431703939504054,0.055801062592446,0.43501447168693147,0.4616814118077611,0.34983012255460605,0.5800032240229828
2,0.4330127018922193,9.0,561,7.180644565291412e-15,0.010550443598911718,0.08742067647390867,0.08805501993236743,0.026296114069943716,0.4410187093100978,0.026759075976690822,0.9431703939504054,0.037843048162808236,0.2740313669239031,0.2903084099500479,0.31184731998330895,0.42687142031726233
2,0.4330127018922193,10.0,561,7.916987566784812e-15,0.010123166530441072,0.04938650841290476,0.050413348567824326,0.0282116709915729,0.4668678748794801,0.02131014187556504,0.9431703939504054,0.0301370916565189,0.14838772643405027,0.15958905778154375,0.330125440245433,0.36775993805875407
2,0.4330127018922193,11.0,561,7.531973165431169e-15,0.011409170029450116,0.12727456784523228,0.12778491609322104,0.03314299286257188,0.5600257071545297,0.03138444767942021,0.9431703939504054,0.044384311555824875,0.4308967934324692,0.45163148526605196,0.3959979751677596,0.6015678289241158
2,0.4330127018922193,12.0,561,6.891685513603541e-15,0.010203444628238406,0.05045811395079589,0.05147942837438107,0.03241054124024925,0.5461402876331765,0.020434048464845977,0.9431703939504054,0.028898108473174304,0.15786627036668524,0.16854373776135304,0.38617950086459063,0.42260151633669985
2,0.4330127018922193,13.0,561,8.363109795195424e-15,0.01016761138115862,0.03979468712872182,0.04107307445116721,0.034036655397166146,0.5738252709690386,0.01910038981303175,0.9431703939504054,0.027012030320202402,0.11459279318034667,0.12469224304568574,0.40575574031841527,0.42584547689007457
2,0.4330127018922193,14.0,561,7.166710702504589e-15,0.010195496769136133,0.03802725008344527,0.03937029214113547,0.035527203055334376,0.6006751738297882,0.018663005044118535,0.9431703939504054,0.026393474848029914,0.10620392330368204,0.1163009404215044,0.4247414887054514,0.44180699759916026
2,0.4330127018922193,15.0,561,8.118627518954113e-15,0.010226281089413482,0.03743462688520085,0.03880628963137159,0.036868062756723954,0.6251205380567967,0.018364865859094245,0.9431703939504054,0.025971842369093702,0.1025426800158676,0.11267415824329713,0.4420269715189442,0.45764895229583863
2,0.4330127018922193,16.0,561,9.845442756549782e-15,0.010255976214598337,0.03725964523437488,0.03864539055444881,0.03808389856159813,0.647437922086731,0.018131556702254685,0.9431703939504054,0.025641893395265365,0.10055160888601548,0.11073210445740776,0.4578077451048551,0.4725462027836097
2,0.4330127018922193,17.0,561,1.0146661481408097e-14,0.01028397133196342,0.03729256593857782,0.03868456463035121,0.0391944512434209,0.6679255854633666,0.01793945112086794,0.9431703939504054,0.02537021507666066,0.0994056423624774,0.10964317163951706,0.47229471080914137,0.48643614581333894
2,0.4330127018922193,18.0,561,1.340669402310892e-14,0.010310232292119158,0.037444017359671344,0.038837550462777974,0.04021507607734329,0.6868316119346588,0.017776917376330723,0.9431703939504054,0.02514035765079285,0.09876355054170313,0.10906251337816378,0.4856632903322845,0.4993803317559168
2,0.4330127018922193,19.0,561,9.865815697928116e-15,0.010334861025456034,0.037666884984589644,0.039058975624788154,0.041157937146343686,0.7043582657432241,0.017636945318971677,0.9431703939504054,0.02494240726892242,0.09844824175748257,0.1088107695146318,0.4980565060918301,0.5114626502618836
2,0.4330127018922193,20.0,561,1.1140859064004823e-14,0.010357989773837178,0.03793335284262891,0.03932209569743579,0.04203285586321995,0.7206716172080186,0.017514834700902978,0.9431703939504054,0.024769716776739902,0.09835506761097673,0.10878182478703881,0.5095917875364658,0.5227657566258781
3,0.4330127018922193,1.0,1501,1.5246363335627072e-14,0.09577689377516001,2.5017626468061445,2.503595325593915,0.9874822563569917,31.5627376518997,0.4252789534364745,0.9431703939504054,0.6014352637416982,7.630109119231235,8.052842920496053,22.318225826470247,23.747138866611422
3,0.4330127018922193,2.0,1501,4.330328740995725e-14,0.003347565685342694,0.07798784893814145,0.07805966165706878,0.023902240599740266,0.6993530900745114,0.015382634779897335,0.9431703939504054,0.021754330730762883,0.2506347375093921,0.2634090608349708,0.4945173124354534,0.5608056907111705
3,0.4330127018922193,3.0,1501,6.262013474442095e-14,0.03965289842448634,0.8242278788293577,0.8251811610749514,0.3173799267254246,8.160930211855042,0.1719734307016697,0.9431703939504054,0.2432071580661309,2.5143666631257133,2.657463713198271,5.770649093592868,6.361071793828299
3,0.4330127018922193,4.0,1501,4.053512372295271e-14,0.002537729093556183,0.059989534730679785,0.06004318734174359,0.01576290971756759,0.46575507380307446,0.012428353269922254,0.9431703939504054,0.017576345752288055,0.196245928070863,0.2059771263042429,0.32933857105819486,0.38876591963541746
3,0.4330127018922193,5.0,1501,3.183017224342079e-14,0.012789213293751317,0.33579343421137187,0.33603689445675455,0.08710216539250441,2.734556643735155,0.06929799163493097,0.9431703939504054,0.09800215961533666,1.161022012863263,1.2126406442464612,1.933623546323854,2.2840718329756124
3,0.4330127018922193,6.0,1501,1.1781825645190355e-14,0.002205545163062217,0.05793734828350704,0.057979313169359836,0.013935939250565773,0.4173727242550265,0.012027381976245357,0.9431703939504054,0.017009286710647904,0.209870397021782,0.21839528414339934,0.29512708360303225,0.36741081368803336
3,0.4330127018922193,7.0,1501,9.950734769120276e-15,0.004106277555449646,0.11394963351026008,0.11402359620922757,0.030900505138184035,0.873793479608615,0.022255350410692376,0.9431703939504054,0.03147381838616679,0.3881521394864655,0.4057758804120951,0.6178652947878409,0.7398421648198158
3,0.4330127018922193,8.0,1501,1.044055992133171e-14,0.012716670847777473,0.35020533068052706,0.3504361387678332,0.07444613526481159,1.8690888956331375,0.07513955218876807,0.9431703939504054,0.10626337377599679,1.3084371159174204,1.3587144947600518,1.3216454327426668,1.8969433189256024
3,0.4330127018922193,9.0,1501,1.7751735379683885e-14,0.0016517455970605991,0.040932214947183625,0.0409655279961073,0.009037776039182606,0.20580825138380723,0.00870171339873016,0.9431703939504054,0.012306081104367872,0.14844998117988603,0.15448951753583687,0.14552841017763576,0.21243166099482505
3,0.4330127018922193,10.0,1501,1.0481541374721621e-14,0.004099753167893256,0.10400598337976806,0.10408675494427828,0.014524104489250931,0.277147519664824,0.02343357198319349,0.9431703939504054,0.03314007531347842,0.38655417079106885,0.4016919766470126,0.19597289054402908,0.4471831476497977
3,0.4330127018922193,11.0,1501,3.461282540971261e-14,0.0032417853941742033,0.09520054860369803,0.09525572752851637,0.01882489045414637,0.40213453729294274,0.01800731910879676,0.9431703939504054,0.025466194905640574,0.3345995439122305,0.34882522198979776,0.2843520582691544,0.4504325754635724
3,0.4330127018922193,12.0,1501,1.2197091973364127e-14,0.0029664431901525318,0.08570714727032838,0.08575846826068059,0.011265753119965725,0.28967630194316885,0.016732495361359335,0.9431703939504054,0.023663321872379274,0.31744229556748593,0.329672684181764,0.20483207745305657,0.3882874912261584
3,0.4330127018922193,13.0,1501,1.1700872290478822e-14,0.0013470361752601166,0.044613200146714604,0.0446335314958191,0.004171487142921497,0.10667914356236212,0.008659085398652254,0.9431703939504054,0.012245796008520856,0.17149457540682825,0.17763023686196808,0.07543354582411947,0.19302881180855352
3,0.4330127018922193,14.0,1501,6.291655703009144e-14,0.0009196686020694224,0.022131359378083377,0.0221504595496236,0.003017991109612531,0.07489071456547837,0.004449271267907989,0.9431703939504054,0.006292219769752414,0.08566140623882303,0.08870237542875073,0.05295573211715591,0.10335148398114427
3,0.4330127018922193,15.0,1501,1.1755464883765903e-14,0.0010511761166296769,0.03230697314006422,0.03232406974223703,0.004099962908044894,0.10832415241557813,0.005793908458916343,0.9431703939504054,0.00819382392174769,0.1299638358757875,0.13417370409551285,0.07659674273934043,0.15455242982507356
3,0.4330127018922193,16.0,1501,1.4192818751700804e-14,0.0007334325066062568,0.008480182424763588,0.008511839824562958,0.003487402960810937,0.07737233303826228,0.0020188568452290776,0.9431703939504054,0.002855094731012722,0.0336539640794875,0.03483090985583793,0.05471050136757921,0.06495069838491706
3,0.4330127018922193,17.0,1501,1.5383621956845305e-14,0.0007318576374700206,0.006554593368315442,0.006595324846092721,0.003619788680155177,0.0812323445993654,0.0017410948361423222,0.9431703939504054,0.0024622799306502335,0.025669219966484132,0.02661709950332903,0.0574399417178937,0.06341072275738642
3,0.4330127018922193,18.0,1501,1.516198829985803e-14,0.0007459006182516585,0.007066431994504411,0.007105689893688282,0.00374689169470666,0.08519595505320611,0.0017477411305495366,0.9431703939504054,0.002471679210340441,0.028702213178051612,0.029671822800468674,0.06024263754778635,0.06725794855917204
3,0.4330127018922193,19.0,1501,1.2667364012863399e-14,0.0007416176405278915,0.005545129510154997,0.0055945024809301806,0.00385527608746487,0.08792861747253343,0.001568693482832312,0.9431703939504054,0.0022184675986277416,0.021488366869650142,0.02231524069374948,0.06217492167518633,0.06617064308472533
3,0.4330127018922193,20.0,1501,1.524750302507708e-14,0.0007464592609828823,0.0052497034380532895,0.005302507672395735,0.003951471902578515,0.09091998737274071,0.0015194467556647142,0.9431703939504054,0.0021488222091648372,0.020097838124184298,0.020896342305971434,0.06429013961666023,0.06771627059942732
1,0.21650635094610965,1.0,827,5.274647160678638e-08,0.7107583532462286,14.665290271893456,14.68250374410312,6.247724782286088,122.04733315541569,3.051495660641497,0.9431703936320446,6.102991321282994,25.177177860541622,29.777721610032643,61.02366657770784,68.18822956953095
1,0.21650635094610965,2.0,827,3.510974793203338e-09,0.11525089989314301,1.6444227555260522,1.648456541379867,0.47565724286274647,7.390290072587095,0.40321689521869797,0.9431703936320446,0.8064337904373959,2.8354948794636052,3.377539879652293,3.6951450362935474,5.0287296895512545
1,0.21650635094610965,3.0,827,1.3548418026038564e-14,0.07349358686444273,0.5550749210558399,0.5599191685371633,0.07201453304029336,0.7733624863272736,0.2021107895324453,0.9431703936320446,0.4042215790648906,1.0048113341620881,1.2192417223576535,0.3866812431636368,1.2811162532421654
1,0.21650635094610965,4.0,827,1.5113047336774643e-14,0.06437518169198898,0.1796885215865311,0.19087202206669748,0.06626787647662005,1.0635017392147703,0.14003344570677811,0.9431703936320446,0.28006689141355623,0.3369346209918551,0.4779064043270477,0.5317508696073852,0.7180145890424083
1,0.21650635094610965,5.0,827,1.4243695984878425e-14,0.0642125992594911,0.13312597305342805,0.14780318875140025,0.08337887386928727,1.4284962627506006,0.13440925660467506,0.9431703936320446,0.26881851320935013,0.2381431480713653,0.3883572255314787,0.7142481313753003,0.8172660303740311
1,0.21650635094610965,6.0,827,1.479429187033546e-14,0.0642733765861374,0.12222129648957185,0.13809095645036015,0.09441451425674634,1.6543802327773849,0.13225929353999785,0.9431703936320446,0.2645185870799957,0.20538963658523532,0.3622486687080956,0.8271901163886924,0.9079546724007005
1,0.21650635094610965,7.0,827,1.5056415301011717e-14,0.0643548582575315,0.1218613351496971,0.13781049592035352,0.10201960457012847,1.807130043872903,0.13114932554041808,0.9431703936320446,0.26229865108083616,0.19537866574772858,0.3549156775545463,0.9035650219364515,0.9761162260497815
1,0.21650635094610965,8.0,827,1.5362136304333188e-14,0.06443021986521812,0.12479159932625716,0.14044285846665702,0.10757345773036218,1.9173805287215935,0.13048799218455515,0.9431703936320446,0.2609759843691103,0.19434686038144472,0.3544056476014968,0.9586902643607967,1.027746289139531
1,0.21650635094610965,9.0,827,1.5076115697136993e-14,0.06449566598065785,0.12859070376025392,0.14385847220044415,0.11180957926271273,2.0007902684538927,0.13005773030889345,0.9431703936320446,0.2601154606177869,0.19688953399830889,0.3565400418947648,1.0003951342269464,1.0679010291568107
1,0.21650635094610965,10.0,827,1.5249263378944606e-14,0.06455181698612301,0.1324230254608445,0.14731868431537593,0.11514962243285214,2.0661610735606315,0.12976026942338917,0.9431703936320446,0.25952053884677834,0.2007600134914247,0.35966413200208414,1.0330805367803158,1.0999423252468952
1,0.21650635094610965,11.0,827,1.531598145471408e-14,0.06460008167039999,0.13600834575297066,0.15057038442629403,0.11785255973571261,2.1188178070611965,0.1295451722499613,0.9431703936320446,0.2590903444999226,0.2049981978844291,0.36307507269879336,1.0594089035305982,1.12608168404046
1,0.21650635094610965,12.0,827,1.623314849546732e-14,0.06464182638180964,0.13926984105834914,0.15354039972070493,0.1200861436289291,2.1621715300540925,0.12938413471690852,0.9431703936320446,0.25876826943381703,0.20919136895089308,0.36646514221098164,1.0810857650270462,1.1478082652130959
1,0.21650635094610965,13.0,827,1.6236539034479978e-14,0.06467820178739915,0.142206167178322,0.15622376186099343,0.12196382298081632,2.1985092352658553,0.12926017739812234,0.9431703936320446,0.2585203547962447,0.2131684012224236,0.3697017783209878,1.0992546176329276,1.1661540607471685
1,0.21650635094610965,14.0,827,1.618624695193857e-14,0.06471013774273511,0.14484258042735235,0.15864039533340107,0.12356508929239901,2.2294222602720404,0.12916256940500564,0.9431703936320446,0.2583251388100113,0.2168676451784295,0.3727334542243111,1.1147111301360202,1.181854247713714
1,0.21650635094610965,15.0,827,2.075116864583089e-14,0.0647383774024546,0.14721171740390396,0.16081774544405703,0.12494731384509629,2.2560525403921474,0.1290842377940576,0.9431703936320446,0.2581684755881152,0.2202774888730391,0.375546909375397,1.1280262701960737,1.195445765658561
1,0.21650635094610965,16.0,827,2.0617557639272887e-14,0.06476351498682316,0.14934608330785742,0.1627837997862378,0.12615295430956489,2.2792410944373156,0.12902035606906792,0.9431703936320446,0.25804071213813584,0.22340871310649005,0.3781468334992377,1.1396205472186578,1.2073295271836453
1,0.21650635094610965,17.0,827,2.1287364784222632e-14,0.06478602814868427,0.1512753234416384,0.16456443396327902,0.12721411440056968,2.299621231575919,0.1289675331737927,0.9431703936320446,0.2579350663475854,0.2262813403397436,0.3805459188630704,1.1498106157879595,1.2178107732504038
1,0.21650635094610965,18.0,827,1.89571677179598e-14,0.06480630365038209,0.1530254724222166,0.1661825869423993,0.12815552554718304,2.317679096969425,0.12892332649080349,0.9431703936320446,0.25784665298160697,0.22891832800851644,0.3827599111125668,1.1588395484847125,1.2271259460281276
1,0.21650635094610965,19.0,827,1.9348396709899137e-14,0.06482465717634335,0.15461900326754435,0.16765820096100081,0.12899655317653688,2.333794179594843,0.1288859382818496,0.9431703936320446,0.2577718765636992,0.23134258437800767,0.38480515074950067,1.1668970897974216,1.2354610204099783
1,0.21650635094610965,20.0,827,2.3591830242097444e-14,0.06484134849133392,0.15607517181208716,0.16900846052889523,0.12975258081319863,2.3482671198871037,0.1288540203120123,0.9431703936320446,0.2577080406240246,0.23357562727954376,0.386697385033379,1.1741335599435518,1.2429642860537293
2,0.21650635094610965,1.0,3763,5.1496629193614e-14,0.017890072353661936,0.5242960475957261,0.5246011820548245,0.2069337702914689,6.665725559023653,0.08833551660813832,0.9431703936320446,0.17667103321627664,1.1840650674022137,1.3070689109734173,3.3328627795118266,3.5859761614343695
2,0.21650635094610965,2.0,3763,9.637075248988469e-14,0.049403093827379674,1.346580087806417,1.3474860290765371,0.49077520122362184,14.015193600405475,0.24544606958941045,0.9431703936320446,0.4908921391788209,3.059043248037898,3.3785262000212857,7.007596800202737,7.794979954854149
2,0.21650635094610965,3.0,3763,4.792410919565821e-14,0.026471927212578728,0.7480695035337106,0.748537737891364,0.25459466172558054,6.600475072905107,0.13813584883895538,0.9431703936320446,0.27627169767791077,1.705573976980723,1.8829809842213476,3.3002375364525536,3.8081496327913347
2,0.21650635094610965,4.0,3763,6.777654471699917e-14,0.004426256518860756,0.12015317913691335,0.12023467970381069,0.02941333419568177,1.0535972429905818,0.020143841128718438,0.9431703936320446,0.040287682257436876,0.30479658783387975,0.33012184947429657,0.5267986214952909,0.6223844208671806
2,0.21650635094610965,5.0,3763,5.391650177679379e-13,0.010771345631762077,0.3559804156067883,0.35614333937657827,0.06417862182133555,2.312351166254001,0.06102376825226315,0.9431703936320446,0.1220475365045263,0.9357622481236754,1.008654878718484,1.1561755831270004,1.5356580149501207
2,0.21650635094610965,6.0,3763,2.2617987226660906e-13,0.005182997339354908,0.150220841552657,0.1503102281889301,0.02190598213789381,0.6582715353868631,0.02680366673047758,0.9431703936320446,0.05360733346095516,0.4048889468103078,0.4352033664255856,0.32913576769343156,0.5460880842654716
2,0.21650635094610965,7.0,3763,1.7960104699352935e-14,0.004534515052718589,0.10557778134896682,0.1056751141060826,0.009566841710701228,0.2664568180204729,0.02000347917106141,0.9431703936320446,0.04000695834212282,0.28583485094123645,0.307358664217752,0.13322840901023644,0.33512785902911335
2,0.21650635094610965,8.0,3763,1.7308147514055942e-14,0.0031062798928552324,0.06897512232959065,0.0690450322264734,0.008208185073889651,0.24839211519631907,0.012631010655105298,0.9431703936320446,0.025262021310210596,0.19608126118163552,0.20941166916486065,0.12419605759815953,0.2436088713646234
2,0.21650635094610965,9.0,3763,1.7466006824440794e-14,0.0025758944083130062,0.019457320634844122,0.01962708736134603,0.00852115550640737,0.27414437484461507,0.005522222588573792,0.9431703936320446,0.011044445177147585,0.051854395890116346,0.05653388984219857,0.13707218742230753,0.14851759275112975
2,0.21650635094610965,10.0,3763,1.708867444849628e-14,0.0025763534832686156,0.01575772129605998,0.015966946411729844,0.009613821490840007,0.3130010024097048,0.0050502924614338,0.9431703936320446,0.0101005849228676,0.039937563120089725,0.04418115142761972,0.1565005012048524,0.16290121725296594
2,0.21650635094610965,11.0,3763,1.9387292710785904e-14,0.002580800489950858,0.014377063748855097,0.014606864591950387,0.010464322369407225,0.3440870251046725,0.0048194632254056355,0.9431703936320446,0.009638926450811271,0.03513116261537657,0.03924879594382171,0.17204351255233624,0.17677369780891192
2,0.21650635094610965,12.0,3763,1.9621916374618377e-14,0.002585212363054616,0.013742865227719104,0.013983907452115854,0.01116311515503668,0.3699482121962689,0.00466480472084871,0.9431703936320446,0.00932960944169742,0.03261893980212728,0.03669586507740013,0.18497410609813444,0.18890902990737965
2,0.21650635094610965,13.0,3763,2.1348205938611967e-14,0.0025892944168998183,0.013465591232860674,0.013712278907165025,0.011753714400012157,0.3919568553188288,0.004549304052447601,0.9431703936320446,0.009098608104895201,0.03120954336677465,0.03528238738289878,0.1959784276594144,0.19947566460470886
2,0.21650635094610965,14.0,3763,2.1558069002502446e-14,0.0025930506229345993,0.01338668309485313,0.013635512304828451,0.012262070508328837,0.4109852133679984,0.004458450899526162,0.9431703936320446,0.008916901799052324,0.030427503554266544,0.03451479836322348,0.2054926066839992,0.20873150476387126
2,0.21650635094610965,15.0,3763,2.374035401830222e-14,0.0025965152075912716,0.013425033661946195,0.013673822437330434,0.012705546940194965,0.42763806465775883,0.004384757134282926,0.9431703936320446,0.008769514268565853,0.03003234376864684,0.03414409865251098,0.21381903232887942,0.21690050479862946
2,0.21650635094610965,16.0,3763,2.2345770941400716e-14,0.002599720814381425,0.01353418025129436,0.013781603077554305,0.013096547122634096,0.44235662134084486,0.0043237208328034136,0.9431703936320446,0.008647441665606827,0.029885772860506622,0.034027492564353334,0.22117831067042243,0.22416341117090094
2,0.21650635094610965,17.0,3763,2.3641022825890806e-14,0.002602695321372323,0.013685864037896282,0.013931148459465793,0.013444309433460436,0.455473906690297,0.004272375495499893,0.9431703936320446,0.008544750990999786,0.02990223725297348,0.034076875731659774,0.2277369533451485,0.23066448108606571
2,0.21650635094610965,18.0,3763,2.455267592790958e-14,0.0026054624579200884,0.013862304934148823,0.014105032176743087,0.01375592020428867,0.4672476541425557,0.00422864718029706,0.9431703936320446,0.00845729436059412,0.030026430816418048,0.03423542475538801,0.23362382707127785,0.23651930624005926
2,0.21650635094610965,19.0,3763,2.6490503920665616e-14,0.002608042661196214,0.014052091118504521,0.014292066027183511,0.014036937300906577,0.4778812842577527,0.0041910254589255375,0.9431703936320446,0.008382050917851075,0.030221579453284984,0.03446542896245509,0.23894064212887636,0.24182128083217858
2,0.21650635094610965,20.0,3763,2.925806039237842e-14,0.0026104537286799215,0.014247818021609421,0.014484984882507717,0.014291797749770838,0.4875379548610052,0.00415837687336995,0.9431703936320446,0.0083167537467399,0.030462761445288627,0.03474137324290668,0.2437689774305026,0.2466465747891833
3,0.21650635094610965,1.0,10443,2.3673536311232096e-13,0.003471548675724294,0.15107360908915962,0.15111349050773773,0.048172253535532186,2.580962855301663,0.021714677942957134,0.9431703936320446,0.04342935588591427,0.4101405500590481,0.439245565451532,1.2904814276508314,1.3640379569100178
3,0.21650635094610965,2.0,10443,2.1969942110869207e-13,0.00038399981300066803,0.01738538012458411,0.017389620407952232,0.006230053271712498,0.31715495891014023,0.0022862133265709457,0.9431703936320446,0.004572426653141891,0.05127816559449517,0.054339269871498085,0.15857747945507011,0.1677450053034637
3,0.21650635094610965,3.0,10443,1.0901688627403577e-12,0.00041019024976296644,0.02005340556343319,0.020057600323382004,0.004998877547345447,0.3105019256817945,0.0027372400855442927,0.9431703936320446,0.0054744801710885855,0.06286853012626274,0.06621728886108962,0.15525096284089726,0.16885668356293157
3,0.21650635094610965,4.0,10443,1.45296900193748e-13,0.0003586135420783854,0.017738059080494056,0.01774168378750054,0.004706288679063526,0.29337121365407604,0.002351249078285875,0.9431703936320446,0.00470249815657175,0.05568490885303344,0.05863181650348949,0.14668560682703802,0.15803957197438218
3,0.21650635094610965,5.0,10443,7.349114492142552e-13,0.00028800167567415126,0.01460388632382551,0.01460672587284395,0.003582312886360662,0.20657718222570018,0.0019990873814741635,0.9431703936320446,0.003998174762948327,0.04651214407773934,0.04891545143273104,0.10328859111285009,0.11434197570691697
3,0.21650635094610965,6.0,10443,3.1923738018054823e-13,0.0017327203875017341,0.08531868946489092,0.08533628238883946,0.019028148702553056,1.0468372100184038,0.012129962021616378,0.9431703936320446,0.024259924043232756,0.27302369230481777,0.2870762295389275,0.5234186050092019,0.59727871892368
3,0.21650635094610965,7.0,10443,3.2545994056055865e-13,0.0002187756003647003,0.01050724880393492,0.010509526163966993,0.001867534016926719,0.09604962757347246,0.00154789695459178,0.9431703936320446,0.00309579390918356,0.034429635568853006,0.03613078860920798,0.04802481378673623,0.060127400642954305
3,0.21650635094610965,8.0,10443,1.0174021945558491e-13,0.0005792430870494483,0.031144019458051547,0.03114940562125364,0.005888524831453881,0.3211244242856838,0.004486791875970283,0.9431703936320446,0.008973583751940566,0.10287654315214861,0.10786284720350366,0.1605622121428419,0.19351819681812868
3,0.21650635094610965,9.0,10443,2.6694938136176847e-14,0.00015381541894126898,0.006542101113278864,0.006543909088569969,0.001683223480079818,0.07546432275884303,0.0008979158639119404,0.9431703936320446,0.0017958317278238807,0.02175732377344994,0.02279098276812252,0.037732161379421515,0.04411324222026146
3,0.21650635094610965,10.0,10443,4.3137484365022026e-14,0.0002856787097095445,0.014554906472948043,0.014557709804823222,0.0027743651201714245,0.1217859438949956,0.002004125150031405,0.9431703936320446,0.00400825030006281,0.04890725570021961,0.05118508225407148,0.0608929719474978,0.07959625480997734
3,0.21650635094610965,11.0,10443,2.6551459765547283e-14,0.00024024482577626066,0.012767349097324266,0.012769609255934929,0.002341400775547434,0.09219171767621198,0.0017096146195699523,0.9431703936320446,0.0034192292391399047,0.04396885594550877,0.04591311732278641,0.04609585883810599,0.06510241702049378
3,0.21650635094610965,12.0,10443,2.7382015019821407e-14,9.66349117476969e-05,0.0032195048031524814,0.003220954747227968,0.0003535462030678269,0.015985095937551697,0.0004818260387025099,0.9431703936320446,0.0009636520774050198,0.011185360514937046,0.011679703106632897,0.007992547968775849,0.014157022377957051
3,0.21650635094610965,13.0,10443,1.0342776911655373e-13,0.0002239329026307941,0.012529423065984497,0.012531424033656549,0.0010281874313265566,0.04682525237757481,0.0016560706432926645,0.9431703936320446,0.003312141286585329,0.0461092483359821,0.047896447157622,0.023412626188787405,0.053322395714865516
3,0.21650635094610965,14.0,10443,3.596131675157139e-14,0.00021821027097993048,0.012393372796956395,0.01239529366359264,0.0006466426796969035,0.030088494552339095,0.0016354311120407377,0.9431703936320446,0.0032708622240814754,0.04666644380267407,0.04839523552875593,0.015044247276169547,0.05068378779003697
3,0.21650635094610965,15.0,10443,2.903837154021237e-14,0.00014364989178403624,0.008516085582620054,0.008517297044363235,0.0005718042155563918,0.02619907668675426,0.00110015448848296,0.9431703936320446,0.00220030897696592,0.033062863965522445,0.034213136104991576,0.01309953834337713,0.03663964447165411
3,0.21650635094610965,16.0,10443,3.0550917854900426e-14,8.690969899725602e-05,0.0011359553650923731,0.0011392751587136183,0.0005809486661983679,0.026000965956224677,0.00022229904725160385,0.9431703936320446,0.0004445980945032077,0.004220283136174747,0.004393905449867894,0.013000482978112338,0.013735227122961057
3,0.21650635094610965,17.0,10443,3.032020962781336e-14,8.724154837087791e-05,0.0008205709500257008,0.0008251955960790322,0.0006171951273817979,0.02782434232173224,0.00019399276167752835,0.9431703936320446,0.0003879855233550567,0.00287166049606081,0.0030129577731454423,0.01391217116086612,0.014248064808150485
3,0.21650635094610965,18.0,10443,2.7817375708983618e-14,8.762391928385512e-05,0.0007126093882126486,0.0007179763863801293,0.0006431862041915778,0.02923946839756716,0.00018310317685597333,0.9431703936320446,0.00036620635371194666,0.0023724085680711994,0.0025055776976090974,0.01461973419878358,0.014846825793249568
3,0.21650635094610965,19.0,10443,3.4306446883432634e-14,8.794309121022322e-05,0.0006607547122344523,0.0006665814106556255,0.0006639850701161618,0.030431721188658778,0.0001765809923375957,0.9431703936320446,0.0003531619846751914,0.0021097682218491997,0.002240574951742543,0.015215860594329389,0.015394267306818442
3,0.21650635094610965,20.0,10443,3.872637479571218e-14,8.821126185751835e-05,0.0006329571288263546,0.00063907429431217,0.0006814495885030616,0.03147212920747319,0.0001719654678320064,0.9431703936320446,0.0003439309356640128,0.0019510240024480225,0.0020816337574812776,0.015736064603736596,0.015887772085944853
1,0.10825317547305482,1.0,5615,6.774273171042273e-12,1.0743206946346275,44.382989882316544,44.39599031273807,19.02687089306399,732.1234156685531,6.560020600100319,0.9431703936331184,18.554540204217524,75.9280037884801,89.89069294060484,258.8447159423457,274.66879230192325
1,0.10825317547305482,2.0,5615,1.505671257584151e-09,0.07192193283090677,1.999834948677471,2.0011278285941545,0.5334760880813637,16.069877287926975,0.34475067822070005,0.9431703936331184,0.9751021695540737,3.363164221967701,4.033139027031752,5.681559601564425,6.987912896856266
1,0.10825317547305482,3.0,5615,4.252522934161428e-14,0.032759939564293454,0.22587042346627273,0.22823378767634192,0.02775730913388498,0.7590553093617943,0.07988115517291813,0.9431703936331184,0.22593802604714108,0.3939097485167996,0.5082357164030648,0.2683665782726887,0.5754082307126668
1,0.10825317547305482,4.0,5615,4.216166952396552e-14,0.032221085935887864,0.09701820618007946,0.10222881545478399,0.04781811299655526,1.5525227905374999,0.0687079899648944,0.9431703936331184,0.19433554250349636,0.15757936981727125,0.2702744745280709,0.5488996965678641,0.6136984116031827
1,0.10825317547305482,5.0,5615,4.118136085262647e-14,0.03222698675558359,0.07391012475244138,0.08063054766195012,0.06060214790218452,2.033096570228508,0.06670437368389813,0.9431703936331184,0.18866845986674344,0.10413023748433463,0.23008732977567217,0.718808185807845,0.7571644521753663
1,0.10825317547305482,6.0,5615,4.0679899414486e-14,0.03225298180777532,0.07082519053086504,0.07782327703988069,0.06829186376097278,2.3184980503438255,0.06585557376797198,0.9431703936331184,0.18626769116105563,0.09013971798546586,0.221082075207819,0.8197128467829543,0.8517453925999001
1,0.10825317547305482,7.0,5615,4.2447574876335696e-14,0.03227757836178462,0.07334179667180676,0.08013027644997733,0.07343293020183125,2.5077685194912367,0.06540516635043202,0.9431703936331184,0.1849937466040987,0.09063667325324307,0.22103971142079068,0.886630062889201,0.9167135963221675
1,0.10825317547305482,8.0,5615,4.343714352438043e-14,0.03229843754647527,0.07708330522717677,0.08357646207329944,0.07711982688417614,2.6427254911347857,0.06513472906906181,0.9431703936331184,0.1842288344619286,0.09559712273666354,0.22375008007913438,0.9343445577979781,0.9638523324248189
1,0.10825317547305482,9.0,5615,4.3584526887130225e-14,0.032315842522721024,0.08078992435235739,0.08701336423109346,0.07989723275538839,2.7439522097802675,0.06495864961403233,0.9431703936331184,0.18373080655521268,0.10142719613657004,0.22719113307602515,0.9701336073937196,0.9995792089399862
1,0.10825317547305482,10.0,5615,4.5956987919277915e-14,0.03233042467107012,0.08413631461853596,0.09013420991499846,0.08206710113651493,2.822769628536599,0.06483716578896342,0.9431703936331184,0.18338719840916987,0.10699864388135151,0.23065938118752838,0.9979997730328304,1.027590534304567
1,0.10825317547305482,11.0,5615,4.271577424750411e-14,0.03234275686286972,0.08707521598243263,0.09288782029888525,0.08381056878563876,2.8859275167532767,0.06474960068677289,0.9431703936331184,0.18313952689895296,0.11201303195903872,0.23391270337736456,1.020329458554548,1.0501483553458988
1,0.10825317547305482,12.0,5615,4.6660079513700824e-14,0.03235329526665593,0.08963928937956975,0.09529920206951192,0.08524301366154977,2.9377039689717295,0.06468428139635947,0.9431703936331184,0.18295477604617846,0.11644036222723017,0.2368812908374183,1.0386351987892726,1.068710528389674
1,0.10825317547305482,13.0,5615,4.8737030902383645e-14,0.03236239178947754,0.09187930988161773,0.09741217576185217,0.08644147710073206,2.980943825674684,0.06463418990131789,0.9431703936331184,0.1828130959028838,0.12033212595433683,0.23956122506980412,1.0539227967353693,1.0842577972967518
1,0.10825317547305482,14.0,5615,4.688495149792804e-14,0.0323703169225875,0.09384495210853531,0.09927090436740284,0.08745939996848025,3.017613551900314,0.06459489041493709,0.9431703936331184,0.18270194016961572,0.12375837172639077,0.2419728207217319,1.0668875027745681,1.0974738886130422
1,0.10825317547305482,15.0,5615,4.7125241388105166e-14,0.03237727987706006,0.09557949220177031,0.10091445675316173,0.0883350368200246,3.049116565237219,0.06456346251058646,0.9431703936331184,0.1826130486324765,0.12678689497186044,0.24414374833126187,1.0780254999537358,1.1088499569958667
1,0.10825317547305482,16.0,5615,4.7312900609860626e-14,0.03238344406550891,0.09711910356964577,0.10237581612722571,0.08909650456321543,3.0764816695396076,0.06453791699723636,0.9431703936331184,0.18254079500960152,0.1294771716887873,0.24610218926084465,1.087700525363784,1.1187479195784076
1,0.10825317547305482,17.0,5615,5.13031708704213e-14,0.032388938531645886,0.09849357290809829,0.10368233814594272,0.08976493963628575,3.100480474004859,0.06451685944577806,0.9431703936331184,0.18248123525987614,0.13187946878827428,0.24787420751917147,1.0961853840526585,1.127440359110777
1,0.10825317547305482,18.0,5615,5.286546959768786e-14,0.032393866303828116,0.09972733851264313,0.10485659073670861,0.09035654273772985,3.121703201070715,0.06449928793537296,0.9431703936331184,0.18243153552322355,0.1340356642665707,0.24948292340292083,1.1036887511644276,1.135136508677294
1,0.10825317547305482,19.0,5615,5.035232654505368e-14,0.032398310513085386,0.1008404845380359,0.10591720278579941,0.09088394352761903,3.140609141368751,0.06448446698443135,0.9431703936331184,0.18238961554356575,0.135980504465653,0.25094844749237116,1.110373010459152,1.1419996658695146
1,0.10825317547305482,20.0,5615,5.3167508847076596e-14,0.03240233890675651,0.10184958772711189,0.10687960557005705,0.09135713557370083,3.157561133528802,0.06447184646699476,0.9431703936331184,0.18235391932971978,0.1377428445819136,0.25228811548552604,1.1163664447646489,1.148159160757746
2,0.10825317547305482,1.0,27039,6.605996046017053e-13,0.032747476923231704,1.9238233336781274,1.9241020285965245,0.7522394651570097,48.52449073222628,0.22176438574329962,0.9431703936331184,0.6272444039390259,4.263666094193369,4.719581837567416,17.155998225190494,17.809227721526142
2,0.10825317547305482,2.0,27039,2.296258094404489e-12,0.007273183374539053,0.4096606459744201,0.40972520554217656,0.12872424499759977,7.854083281019745,0.0528826524727026,0.9431703936331184,0.14957472868231822,0.9256946353117247,1.0233073347542638,2.7768377740064754,2.9621876807118945
2,0.10825317547305482,3.0,27039,1.0951101540493403e-13,0.0013944724203393843,0.0696902439547471,0.06970419396136256,0.022858297168775795,1.2148980597818277,0.009091370676209737,0.9431703936331184,0.025714279421713733,0.15894695091910563,0.17545378886892637,0.42953132826105506,0.46454676377693566
2,0.10825317547305482,4.0,27039,2.268426572567447e-12,0.0008290944924401404,0.030364568984603185,0.030375885950834756,0.007274027637656259,0.49269690626734086,0.003809836533345284,0.9431703936331184,0.010775844991762795,0.07511014503593019,0.08173339078921837,0.17419466174563475,0.1925539893864902
2,0.10825317547305482,5.0,27039,1.4514008334042367e-12,0.00128136117852396,0.07595123631097546,0.075962044361875,0.014912825858144364,1.072869959710933,0.0089427237322569,0.9431703936331184,0.0252938423734269,0.2001623352181723,0.21558054431149212,0.3793168119214694,0.4365530978781183
2,0.10825317547305482,6.0,27039,2.26576523153176e-13,0.0008491888948481544,0.03589596372772869,0.03590600693089594,0.006968469036726976,0.40917887507566253,0.004382097276096969,0.9431703936331184,0.012394442798989061,0.0943984342863015,0.10175425269601336,0.14466657864214208,0.17700538545045189
2,0.10825317547305482,7.0,27039,1.3391295531950385e-12,0.025550757795915164,1.628761841423399,1.628962239372321,0.1312850806114992,5.878140932131259,0.20888325362087276,0.9431703936331184,0.5908110604465143,4.423417068865125,4.750704605800507,2.078236656940114,5.187050956585538
2,0.10825317547305482,8.0,27039,5.016970121099299e-14,0.0006849590096249341,0.012523494132335214,0.012542211692022302,0.002556988031231805,0.16263736192845002,0.0019058126611686504,0.9431703936331184,0.005390452225534131,0.03448602574465309,0.0370897562810022,0.05750099074694892,0.06847300304248902
2,0.10825317547305482,9.0,27039,5.3012438402587043e-14,0.0006749639157423463,0.0057584981617402765,0.0057979200896804695,0.0030918665195408816,0.19845257397008526,0.0013273549885863128,0.9431703936331184,0.003754326853884697,0.014148880401975514,0.015744893271201522,0.0701635803990861,0.0719749214457036
2,0.10825317547305482,10.0,27039,5.5019207487837326e-14,0.0006753179433772924,0.004943037955785749,0.004988955657949456,0.003467264806346696,0.22548253804433044,0.0012448894717224828,0.9431703936331184,0.0035210791491308256,0.011493626339410212,0.013015034512494153,0.07972011584514987,0.0808499221951565
2,0.10825317547305482,11.0,27039,5.28157452068717e-14,0.0006756984130542917,0.004623429459745925,0.004672544094457599,0.003758709163617742,0.24696459809537238,0.0011957829926703206,0.9431703936331184,0.0033821850517789095,0.010339508233195217,0.01183964841299939,0.08731517101312407,0.08819435502440734
2,0.10825317547305482,12.0,27039,5.483484594600118e-14,0.0006760603472092185,0.0044963057682068895,0.004546847606229969,0.003998118416037788,0.2647666292919618,0.0011603730672566002,0.9431703936331184,0.003282030658253503,0.009762800651629669,0.011258677762484182,0.0936091395021255,0.09436849990413385
2,0.10825317547305482,13.0,27039,5.651551477270347e-14,0.0006764060989810858,0.0044683884601056266,0.004519294263615055,0.004200380982565863,0.27987155860560103,0.0011330165851163318,0.9431703936331184,0.0032046548421303333,0.00948916600897828,0.010988089226261412,0.09894953847563438,0.09964633696119507
2,0.10825317547305482,14.0,27039,5.920176077207585e-14,0.0006767363260184763,0.004496075976426402,0.004546720932798891,0.004374400523705107,0.2929009190182304,0.0011110995609816025,0.9431703936331184,0.003142664136573948,0.00939249185950554,0.010898069207292525,0.10355611302678126,0.10421982459016242
2,0.10825317547305482,15.0,27039,5.83317905024997e-14,0.0006770508914233519,0.0045554990297147855,0.004605536811199049,0.0045261497035840835,0.30428324494065756,0.0010931226135750766,0.9431703936331184,0.0030918176509091943,0.00940320387646947,0.010917442413323444,0.1075803729494931,0.10822759917848827
2,0.10825317547305482,16.0,27039,5.859825497549981e-14,0.0006773497294590669,0.004632686358168257,0.004681942497420973,0.00465989849934041,0.3143293929149465,0.0010781227173845775,0.9431703936331184,0.00304939153765561,0.009479662656188582,0.011003789273437517,0.1111322226282047,0.11177284526522185
2,0.10825317547305482,17.0,27039,6.232396868485498e-14,0.0006776330487985778,0.004719196867279085,0.004767599565920022,0.004778826589470309,0.3232727640454947,0.0010654379554837995,0.9431703936331184,0.003013513613024502,0.009595946900190406,0.011130744217172481,0.11429418181474402,0.11493428838733075
2,0.10825317547305482,18.0,27039,6.128973696564459e-14,0.0006779013072451114,0.004809851155524385,0.004857388014217506,0.0048853712422332295,0.3312931580506749,0.001054592482856717,0.9431703936331184,0.00298283798406537,0.009735576349553403,0.011281533034912878,0.11712981930916944,0.1177732329996547
2,0.10825317547305482,19.0,27039,6.168574405926708e-14,0.0006781551358584785,0.004901454823524362,0.004948146498977316,0.004981442342987731,0.3385319199133535,0.0010452330429616252,0.9431703936331184,0.0029563654903936604,0.00988794679097358,0.01144533714790686,0.11968910810941674,0.12033824458697001
2,0.10825317547305482,20.0,27039,6.525728899344181e-14,0.0006783952675937453,0.004992046850716111,0.005037931311445029,0.005068563238313825,0.34510203253274735,0.0010370908944519965,0.9431703936331184,0.0029333360166953148,0.010046193516607217,0.011615128766346116,0.12201199370258309,0.12266836656953888
3,0.10825317547305482,1.0,77263,1.4220276570195924e-10,0.00011422572010815395,0.010218104414203998,0.010218742845120893,0.003289133872371157,0.3691030934395543,0.0009953317240723228,0.9431703936331184,0.0028152232464865486,0.02870927947773972,0.030603446135904936,0.13049765016402035,0.1340784323273309
3,0.10825317547305482,2.0,77263,2.7085640717100994e-12,0.0003418004076109491,0.02835296721964561,0.028355027379231033,0.010915070742281098,0.947330270196294,0.0028466233123279434,0.9431703936331184,0.0080514665905232,0.07681760994436329,0.08227866606538778,0.3349318290395419,0.3450626722243099
3,0.10825317547305482,3.0,77263,1.2583366669635408e-11,0.00010810409582966347,0.009281672772807498,0.009282302298299232,0.0028494927019607134,0.2750029513541463,0.0009067851518849728,0.9431703936331184,0.0025647757199085508,0.02676825145011054,0.028447820586941078,0.09722822587441556,0.10134459044019906
3,0.10825317547305482,4.0,77263,1.4487681730768051e-12,0.00020513850572750962,0.020672479511121767,0.020673497308009627,0.004611415302188497,0.576152631526573,0.0020420660106453023,0.9431703936331184,0.005775834895031415,0.0663130999976313,0.06970065272990485,0.203700716375457,0.21534490473177773
3,0.10825317547305482,5.0,77263,4.7862873782875925e-12,0.00030899393953910236,0.03219454232098815,0.0321960251042356,0.008437653053636127,0.9796769364385522,0.0029955762868787237,0.9431703936331184,0.008472769224054256,0.10194179106376325,0.10724038705695076,0.3463681025638813,0.36268796103383627
3,0.10825317547305482,6.0,77263,2.103940440620508e-12,3.98024038414623e-05,0.0039025383253484137,0.003902741294547303,0.0008529519706149902,0.09345127031186819,0.00038320800784842407,0.9431703936331184,0.0010838759238184334,0.012521892454044751,0.013160697825763682,0.03304001347400954,0.035574906671528586
3,0.10825317547305482,7.0,77263,4.8416093153790934e-12,6.194070600748582e-05,0.006878786631609831,0.0068790655015252495,0.0018078578287787934,0.18906765774098636,0.0006348084756766933,0.9431703936331184,0.0017955095116227414,0.022085818491855244,0.023201913176196864,0.06684551144585435,0.07078078500145855
3,0.10825317547305482,8.0,77263,1.6766178967243421e-12,2.5630346804320915e-05,0.0023743296372742183,0.002374467970117944,0.0004552977094624648,0.04536049275108062,0.00024302528730666992,0.9431703936331184,0.0006873793146174212,0.007813434185346179,0.008195141379623433,0.01603735601112617,0.018015671679509
3,0.10825317547305482,9.0,77263,1.506843973825725e-11,5.4077803763462373e-05,0.005436553963503513,0.005436822914804715,0.0009303180954784278,0.08577821221844935,0.000560165878796657,0.9431703936331184,0.0015843883659457515,0.017971654742836695,0.018842762645026725,0.03032717776886215,0.03571628350318319
3,0.10825317547305482,10.0,77263,4.760359292491701e-13,2.76284406950936e-05,0.0025834296734498522,0.0025835774051490026,0.0004483712187925266,0.03782286756504165,0.00025637602614490216,0.9431703936331184,0.0007251409064828797,0.00862500296075604,0.009032794562908078,0.013372403069580836,0.016143530537676018
3,0.10825317547305482,11.0,77263,1.0495433943265602e-12,2.6285382888278476e-05,0.002664164564696018,0.0026642942309616454,0.00048827517591356007,0.03841072538229461,0.0002485967018946009,0.9431703936331184,0.0007031376547611317,0.009177232994643935,0.009581986837220127,0.013580242194057382,0.016627563334575806
3,0.10825317547305482,12.0,77263,7.613120642086283e-14,1.1591475433214097e-05,0.0005066238502240143,0.0005067564384578881,6.258575790323466e-05,0.0054055567198524,5.506360128539212e-05,0.9431703936331184,0.00015574338346181226,0.0017448716997652514,0.0018236324569529721,0.0019111529063480712,0.0026423583683117882
3,0.10825317547305482,13.0,77263,3.647542589762606e-12,2.619133813817759e-05,0.00292116776336861,0.002921285177441161,0.00025277316463305315,0.022331817072581684,0.000270423776991375,0.9431703936331184,0.0007648739460187197,0.010774823688391165,0.011189985020416742,0.007895489644120011,0.013697387186989934
3,0.10825317547305482,14.0,77263,7.725294974657833e-12,2.093299276640506e-05,0.0021895895059718083,0.0021896895658627107,0.00013932224944833004,0.012338284974919825,0.0002044448052243992,0.9431703936331184,0.0005782572326101423,0.008249870124678064,0.008555084973042035,0.00436224248698895,0.009604064197018496
3,0.10825317547305482,15.0,77263,8.323381527554026e-14,1.21449660903716e-05,0.0008194081891867404,0.000819498188349205,9.40622219517964e-05,0.008456082713449642,7.70095804048078e-05,0.9431703936331184,0.00021781598608228104,0.0031669395541358697,0.0032784946582312628,0.0029896767144772913,0.0044379659510565385
3,0.10825317547305482,16.0,77263,8.280541360570626e-14,1.119299686635693e-05,0.00015712625326978785,0.0001575244192036644,0.00010506049515326052,0.009285619816115386,2.5473857233363492e-05,0.9431703936331184,7.205094877075723e-05,0.0005433664986328858,0.0005703090685766622,0.0032829623697476855,0.0033337864452484007
3,0.10825317547305482,17.0,77263,8.70695430485369e-14,1.1222295295628756e-05,0.00012167019580833163,0.00012218664599595184,0.00011088413822804857,0.00988307391000437,2.318311864701619e-05,0.9431703936331184,6.557176161742978e-05,0.0003820863750531597,0.00040647168460129784,0.0034941942903659686,0.003519503979443599
3,0.10825317547305482,18.0,77263,8.620564690688633e-14,1.1245291462160716e-05,0.00010979627163543676,0.00011037063851002929,0.00011511336184921897,0.010349638597318968,2.2157486547390215e-05,0.9431703936331184,6.267083596683729e-05,0.00032144741254881275,0.00034559767152025255,0.003659149817497135,0.003677236220794874
3,0.10825317547305482,19.0,77263,9.022856223813103e-14,1.126353868148242e-05,0.00010462252358360024,0.00010522708655393932,0.00011851832632651554,0.010743511225755691,2.1493908922289063e-05,0.9431703936331184,6.0793955012626535e-05,0.0002907498272201735,0.00031512554123597827,0.0037984048207428235,0.0038132964587947824
3,0.10825317547305482,20.0,77263,9.421562444117443e-14,1.1278663894045266e-05,0.00010237670638529344,0.0001029961080310097,0.00012138861510845339,0.011087441009723066,2.100432579535542e-05,0.9431703936331184,5.940920481658936e-05,0.00027373077500159976,0.00029843959031846176,0.003920002361990501,0.003933220042529849
1,0.05412658773652741,1.0,40823,4.9877565255794796e-11,0.054130478071019554,4.061622873571899,4.061983564193564,1.709313356231786,125.89007721393419,0.42710365110749937,0.9431703936331229,1.7084146044299975,6.809526292070238,8.11098263213553,31.472519303483548,32.545802536068166
1,0.05412658773652741,2.0,40823,1.9433263703654553e-09,0.03258855747196754,1.7198781018631912,1.7201868210594562,0.43652743816331074,26.732894456596185,0.2097273441952295,0.9431703936331229,0.838909376780918,2.88590893638016,3.4628430560561725,6.683223614149046,7.539715917185827
1,0.05412658773652741,3.0,40823,1.662304113890273e-13,0.016166136276436458,0.1264830583455164,0.12751199163429147,0.016460527835606944,1.0138961094569534,0.03767564308746457,0.9431703936331229,0.1507025723498583,0.21429699607344507,0.29136536487631814,0.25347402736423835,0.3865408223905768
1,0.05412658773652741,4.0,40823,1.4622957814475589e-13,0.01611498283291959,0.05950635400298627,0.06164980809730078,0.0340749643154588,2.2351020023939974,0.03417472643361403,0.9431703936331229,0.13669890573445612,0.09133608956355305,0.17558351552521415,0.5587755005984993,0.5867032760999349
1,0.05412658773652741,5.0,40823,1.440210897114272e-13,0.016120749739435718,0.04476019709785422,0.04757471824824898,0.043287308960844255,2.890642326603161,0.033275944783437865,0.9431703936331229,0.13310377913375146,0.05609162876629654,0.15207314244712242,0.7226605816507903,0.7397556002104161
1,0.05412658773652741,6.0,40823,1.445868309965203e-13,0.01612883873528256,0.04381105464193035,0.04668562892140319,0.04870747838770495,3.2740945169776627,0.03288328810670664,0.9431703936331229,0.13153315242682656,0.04873041885921167,0.1478349480242069,0.8185236292444157,0.8331917678059826
1,0.05412658773652741,7.0,40823,1.445626888703836e-13,0.016135844416779784,0.04651299007887494,0.04923234425781532,0.05228987573079271,3.5263255878617317,0.03267376686157952,0.9431703936331229,0.1306950674463181,0.05177831223549881,0.14894971632693524,0.8815813969654329,0.8956037117907342
1,0.05412658773652741,8.0,40823,1.441204439244546e-13,0.016141590113487043,0.049761199315565496,0.05231374473993674,0.05483991353863485,3.705209440441247,0.0325480049856128,0.9431703936331229,0.1301920199424512,0.05720127904543494,0.15152120732704247,0.9263023601103118,0.9402138877578352
1,0.05412658773652741,9.0,40823,1.4381241032068213e-13,0.016146296490291794,0.05276877878101891,0.05518375580179842,0.056750618735462395,3.838856753277334,0.03246629651817454,0.9431703936331229,0.12986518607269815,0.06253852391223953,0.15434144106885483,0.9597141883193335,0.9737007940941128
1,0.05412658773652741,10.0,40823,1.4651078248576991e-13,0.01615019183995029,0.05538758055734075,0.05769413121334879,0.05823723269422784,3.9425988019022102,0.03241007429089959,0.9431703936331229,0.12964029716359837,0.06724505301507798,0.15702584685372611,0.9856497004755526,0.9997769870823984
1,0.05412658773652741,11.0,40823,1.5002127677209406e-13,0.016153457197637056,0.05763456444734843,0.059855469244434564,0.059427775478644834,4.025522004210683,0.03236966293191409,0.9431703936331229,0.12947865172765635,0.07128495702879106,0.1594645526450307,1.0063805010526707,1.0206675839604413
1,0.05412658773652741,12.0,40823,1.4844135442575595e-13,0.01615622869570445,0.05956283941328629,0.061715116176191666,0.0604032685798681,4.093359568352141,0.03233960037707039,0.9431703936331229,0.12935840150828157,0.07474087658215584,0.16164328083062304,1.0233398920880352,1.0377868951916722
1,0.05412658773652741,13.0,40823,1.4645093320299231e-13,0.016158608011959598,0.06122651671567168,0.06332287866181219,0.06121753893642167,4.149910416366035,0.032316606066538314,0.9431703936331229,0.12926642426615326,0.0777103083480054,0.16358021710499654,1.0374776040915088,1.05207692375273
1,0.05412658773652741,14.0,40823,1.5021368525836662e-13,0.016160671664276063,0.06267210238294577,0.06472217337002036,0.0619077705200525,4.197792894546077,0.032298609660539,0.9431703936331229,0.129194438642156,0.08027965407333376,0.16530270887052914,1.0494482236365192,1.0641894247287669
1,0.05412658773652741,15.0,40823,1.453232530044635e-13,0.0161624779447033,0.06393753317271911,0.0659487213031881,0.0625004890166768,4.238871106292937,0.03228425050260402,0.9431703936331229,0.12913700201041609,0.08251984262283628,0.16683861530311694,1.0597177765732342,1.0745897825072153
1,0.05412658773652741,16.0,40823,1.5203350577878444e-13,0.01616407186203397,0.06505325259245717,0.06703135752779465,0.06301513339177343,4.27450872312792,0.03227260354483638,0.9431703936331229,0.12909041417934553,0.08448772589961663,0.1682132983824488,1.06862718078198,1.0836192469198433
1,0.05412658773652741,17.0,40823,1.569941147197933e-13,0.01616548863443384,0.06604363213710951,0.06799326708323299,0.06346627936662491,4.305726649494839,0.03226302155850184,0.9431703936331229,0.12905208623400735,0.08622864559357371,0.16944882605348338,1.0764316623737098,1.09153378189966
1,0.05412658773652741,18.0,40823,1.575520764633784e-13,0.016166756169553216,0.06692825366067,0.06885314185360587,0.06386507397803771,4.33330454543719,0.03225504037506999,0.9431703936331229,0.12902016150027995,0.08777886595370743,0.17056402470858278,1.0833261363592974,1.0985291766349101
1,0.05412658773652741,19.0,40823,1.5747591822117809e-13,0.016167896843826485,0.0677229506836884,0.06962613688592743,0.06422018990895993,4.357848242900907,0.032248319889312795,0.9431703936331229,0.12899327955725118,0.08916757185683381,0.17157482618215494,1.0894620607252268,1.1047577723333915
1,0.05412658773652741,20.0,40823,1.5437318462283674e-13,0.016168928794796884,0.06844062164114056,0.07032462548067334,0.06453847742772992,4.379835725213833,0.03224260616347759,0.9431703936331229,0.12897042465391037,0.09041843018563193,0.1724946836909501,1.0949589313034582,1.1103398994053766
2,0.05412658773652741,1.0,204247,6.074135201077277e-10,2.396872305693264,286.23864972943056,286.24868488043296,113.72511783330202,14856.786318781387,22.695976904796314,0.9431703936331229,90.78390761918526,632.5697840526215,700.2317896059607,3714.196579695347,3781.3376197083458
2,0.05412658773652741,2.0,204247,2.3270685513614662e-11,0.0005703450684069803,0.060022972892138496,0.06002568257260761,0.0178548867284253,2.177195194465579,0.005648410017194006,0.9431703936331229,0.022593640068776025,0.1342917851338388,0.14882149943572662,0.5442987986163947,0.5645598443474646
2,0.05412658773652741,3.0,204247,3.664292060036486e-12,0.0002130877368215705,0.014293853105985037,0.014295441336281363,0.004556899834077728,0.4887720585169967,0.0013444034389504173,0.9431703936331229,0.005377613755801669,0.03244501568798575,0.03586024840543203,0.12219301462924917,0.12742784458657774
2,0.05412658773652741,4.0,204247,5.641054282965882e-11,0.00018369939882794393,0.007393076651446101,0.007395358533789099,0.001683326777041269,0.19843762552964764,0.0007284725165506206,0.9431703936331229,0.0029138900662024824,0.017409058671400704,0.01913785272661154,0.04960940638241191,0.05319947553913542
2,0.05412658773652741,5.0,204247,1.4496743754652769e-11,0.0011137102208684726,0.1518284107601964,0.1518324954165708,0.029057954185265477,4.247807305959035,0.012632729130013934,0.9431703936331229,0.05053091652005574,0.40192407134783426,0.43260771990060326,1.0619518264897587,1.147055136339996
2,0.05412658773652741,6.0,204247,1.0068667439992073e-11,0.0002775339294786498,0.030431243385385262,0.030432508918302584,0.00585676948635514,0.7016242798127225,0.0025265834545847568,0.9431703936331229,0.010106333818339027,0.08014323249796751,0.08632041066592272,0.17540606995318062,0.19558324167159602
2,0.05412658773652741,7.0,204247,6.6832379651873944e-12,0.00023236380887111646,0.02003019455612515,0.020031542299481054,0.001967731366533811,0.17958970655859305,0.001830872932189727,0.9431703936331229,0.007323491728758908,0.05436279580908716,0.05839700151700944,0.04489742663964826,0.07368758831561148
2,0.05412658773652741,8.0,204247,1.8201955177365144e-13,0.0001734971498111892,0.0037150097170615226,0.0037190588135782607,0.0009003859793037551,0.11520843439700952,0.00043370797488548465,0.9431703936331229,0.0017348318995419386,0.010036506741079677,0.010843085711284414,0.02880210859925238,0.030788709982997257
2,0.05412658773652741,9.0,204247,1.867279257472805e-13,0.000172826705839147,0.0019133753919364851,0.0019211648707800455,0.0011077738733609817,0.1419536425261623,0.0003301106091482896,0.9431703936331229,0.0013204424365931583,0.0045862990021828635,0.0051447625043823855,0.035488410631540575,0.03587649694903116
2,0.05412658773652741,10.0,204247,1.8756122492010733e-13,0.00017284314037787848,0.0016648465782503577,0.0016737947545286463,0.0012382408382502555,0.16088300697078256,0.0003110173061568665,0.9431703936331229,0.001244069224627466,0.003777826932796353,0.004315237357332073,0.04022075174269564,0.04047052488628211
2,0.05412658773652741,11.0,204247,1.9040603462402017e-13,0.0001728679926748446,0.001568489423165254,0.0015779868229718213,0.001339566183520086,0.1758895091686035,0.0002990385398275666,0.9431703936331229,0.0011961541593102664,0.003420681838820899,0.00395245384903443,0.04397237729215087,0.0441699704970701
2,0.05412658773652741,12.0,204247,1.8969279265106278e-13,0.00017289630152690714,0.0015353168777368306,0.0015450213740091925,0.0014228179438960924,0.18830098521890823,0.0002902499762120424,0.9431703936331229,0.0011609999048481695,0.00325022726302992,0.003781400413411105,0.04707524630472706,0.047248303828166534
2,0.05412658773652741,13.0,204247,1.9575500276004713e-13,0.00017292641895328318,0.0015352434498976466,0.001544951778155433,0.0014931412491258245,0.1988149579368116,0.0002834101216825524,0.9431703936331229,0.0011336404867302095,0.003180640994379657,0.003713286130250126,0.0497037394842029,0.04986461353894622
2,0.05412658773652741,14.0,204247,1.9464545139298473e-13,0.00017295718656796575,0.0015534840129029647,0.0015630824567919009,0.0015536281591010503,0.2078723538565931,0.00027790983087243516,0.9431703936331229,0.0011116393234897406,0.0031699001578720603,0.003705028442959196,0.05196808846414828,0.052123154306291074
2,0.05412658773652741,15.0,204247,1.9510494304681025e-13,0.00017298783221647576,0.0015818209253362703,0.0015912517808086345,0.0016063589595403623,0.21577657202614836,0.0002733886156377349,0.9431703936331229,0.0010935544625509397,0.003194132025602275,0.0037323481870626457,0.05394414300653709,0.05409696273180306
2,0.05412658773652741,16.0,204247,1.9959889341110962e-13,0.0001730178686284945,0.0016154654849079855,0.0016247042548703256,0.0016528227126961035,0.22274712386024853,0.00026961091593225966,0.9431703936331229,0.0010784436637290386,0.0032389739391150024,0.003780695283925591,0.05568678096506213,0.055839439950632626
2,0.05412658773652741,17.0,204247,2.0092424699244096e-13,0.00017304700298949804,0.0016515693810819512,0.0016606103353198386,0.001694128571037892,0.22894839521332125,0.00026641320352052813,0.9431703936331229,0.0010656528140821125,0.0032955701406367967,0.0038410968690972933,0.05723709880333031,0.057390849237445446
2,0.05412658773652741,18.0,204247,2.0043817634445244e-13,0.0001730750709624109,0.0016884257099698504,0.0016972732126195348,0.0017311265511681083,0.23450671615078245,0.00026367720429804157,0.9431703936331229,0.0010547088171921663,0.0033583957935763506,0.003907936713107066,0.05862667903769561,0.05878227848151845
2,0.05412658773652741,19.0,204247,2.0358549093132304e-13,0.000173101991819797,0.0017250146427647047,0.001733678118142068,0.0017644824694398869,0.23952118655283053,0.00026131477148591775,0.9431703936331229,0.001045259085943671,0.0034239866148424226,0.003977674032986174,0.05988029663820763,0.060038197962442155
2,0.05412658773652741,20.0,204247,2.0471649681903236e-13,0.00017312773866218906,0.0017607365902343741,0.0017692276716365402,0.00179472712995369,0.24407087410607473,0.0002592586702851809,0.9431703936331229,0.0010370346811407235,0.003490171961045473,0.004048074579555211,0.06101771852651868,0.06117818179264642
3,0.05412658773652741,1.0,593463,9.34236687415697e-11,1.2082440437837198e-05,0.002280014833612203,0.0022800468475140186,0.0006866549719406095,0.1670455215473598,0.0001550564087978717,0.9431703936331229,0.0006202256351914868,0.006685948776156847,0.007091206138789123,0.04176138038683995,0.042364721070339076
3,0.05412658773652741,2.0,593463,9.893968338867678e-11,2.7095412153264687e-05,0.004598856483557651,0.004598936302855259,0.0018961330138691946,0.3327050100857559,0.0003107894786378673,0.9431703936331229,0.0012431579145514692,0.012588498842571839,0.013459790482309317,0.08317625252143898,0.08427959577349747
3,0.05412658773652741,3.0,593463,5.220646303557527e-10,4.455875148077305e-05,0.007620874442693039,0.007621004707623888,0.0023573821748342104,0.4518243380299221,0.0005263652226533637,0.9431703936331229,0.002105460890613455,0.021885508565902972,0.023269898227189147,0.11295608450748053,0.11535216704285642
3,0.05412658773652741,4.0,593463,2.137904222552751e-11,6.4479175946239675e-06,0.001230638275444633,0.0012306551672303042,0.0003318368038639456,0.07688086082119913,8.201993193468939e-05,0.9431703936331229,0.00032807972773875755,0.0038293491583865987,0.00403559951249129,0.019220215205299783,0.019642119326275756
3,0.05412658773652741,5.0,593463,2.5738855491192476e-10,9.218682235788019e-06,0.0018966225410368253,0.0018966449449675995,0.0004734321258343842,0.11026582267587172,0.00012679481749068965,0.9431703936331229,0.0005071792699627586,0.0059991332637694406,0.006312217738292627,0.02756645566896793,0.028283877190062933
3,0.05412658773652741,6.0,593463,6.078527415498787e-11,1.339472833399842e-05,0.0027138157672075497,0.0027138488235514233,0.0005775461743911971,0.1267357916908513,0.0001881764450912125,0.9431703936331229,0.00075270578036485,0.008763235775829043,0.00920466418136241,0.03168394792271283,0.03299896904820496
3,0.05412658773652741,7.0,593463,1.6225549496916308e-10,1.293853171384909e-05,0.003005339820901618,0.003005367672132626,0.0008336266640664876,0.17460198234528845,0.00019149620965883837,0.9431703936331229,0.0007659848386353535,0.009610397014253712,0.010098450296421514,0.04365049558632211,0.04481115259325367
3,0.05412658773652741,8.0,593463,3.398414921160935e-10,2.1573849988307897e-06,0.0003287113771250445,0.0003287184566790803,6.449547941183515e-05,0.012302382349341025,2.404383100884932e-05,0.9431703936331229,9.617532403539728e-05,0.0010746835896333004,0.0011279407495706085,0.0030755955873352564,0.0032765375349967487
3,0.05412658773652741,9.0,593463,1.4690161472438687e-11,1.7834308670539756e-05,0.003540511651938091,0.0035405565692522337,0.0005736561459913284,0.09884633316991184,0.0002601624356683758,0.9431703936331229,0.0010406497426735033,0.011540168483469341,0.012115856607514824,0.02471158329247796,0.027527902417888113
3,0.05412658773652741,10.0,593463,1.8316019532516894e-11,2.5703446704523425e-06,0.0004364227198980973,0.0004364302889522885,7.545440336162256e-05,0.012566302885078004,3.058047453983194e-05,0.9431703936331229,0.00012232189815932775,0.0014541799740442696,0.001523178729104261,0.003141575721269501,0.0034921719345204516
3,0.05412658773652741,11.0,593463,1.907130387198642e-12,2.9884352912739485e-06,0.0005860688795175371,0.0005860764986624456,0.0001087690018625749,0.016949470364584107,3.7842826828860385e-05,0.9431703936331229,0.00015137130731544154,0.0020190467493738508,0.0021078303326216583,0.004237367591146027,0.004733926859318889
3,0.05412658773652741,12.0,593463,2.9423919848653904e-13,1.4399182407378824e-06,8.768641831643261e-05,8.769824012888982e-05,1.139301025279163e-05,0.0019236877901492467,6.780098436737274e-06,0.9431703936331229,2.7120393746949096e-05,0.00030148431048094095,0.00031514962564607686,0.0004809219475373117,0.0005750956501753107
3,0.05412658773652741,13.0,593463,2.838445874479075e-10,6.551055874232819e-06,0.0016014136882344663,0.001601427087693281,0.00014009262782118908,0.024625841249505336,0.00010328624704240319,0.9431703936331229,0.00041314498816961276,0.005921935335490608,0.006148542560329213,0.006156460312376334,0.008702080506316547
3,0.05412658773652741,14.0,593463,1.083018138314252e-10,2.482468031100477e-05,0.006104433385330001,0.006104483861939848,0.0001892881421841659,0.03427835246817573,0.00040515816482442963,0.9431703936331229,0.0016206326592977185,0.023033404303536262,0.023883653138647556,0.008569588117043933,0.02537523512686693
3,0.05412658773652741,15.0,593463,3.025833276042177e-13,1.445081561315236e-06,0.00010952007645951433,0.00010952960973370041,1.6696639439633825e-05,0.0029637417355524516,7.504702969723487e-06,0.9431703936331229,3.0018811878893947e-05,0.0004213965165608125,0.0004364319977323206,0.0007409354338881129,0.0008600796379430032
3,0.05412658773652741,16.0,593463,2.966143350687902e-13,1.4169508800486695e-06,2.4929723117293235e-05,2.496995884060235e-05,1.8725120702650665e-05,0.003288810378549415,3.087756058487356e-06,0.9431703936331229,1.2351024233949424e-05,8.279877352940995e-05,8.735950745112692e-05,0.0008222025946373537,0.0008270425746694234
3,0.05412658773652741,17.0,593463,2.9505535071901266e-13,1.4188315429532555e-06,1.991471509832546e-05,1.9965193722945718e-05,1.9702161615872515e-05,0.0034907991053822886,2.847482387743252e-06,0.9431703936331229,1.1389929550973008e-05,5.914871577898982e-05,6.34579390925564e-05,0.0008726997763455721,0.0008752256765199615
3,0.05412658773652741,18.0,593463,3.0388111943421105e-13,1.4202205134821084e-06,1.827999405284131e-05,1.8335081370935587e-05,2.0417284547128482e-05,0.0036492495426170865,2.7319162989634924e-06,0.9431703936331229,1.092766519585397e-05,5.0253281636808094e-05,5.4598364359931706e-05,0.0009123123856542716,0.0009141727057384981
3,0.05412658773652741,19.0,593463,3.0976456332621746e-13,1.4213114447186834e-06,1.7635108539719353e-05,1.769229152570607e-05,2.099496654891364e-05,0.003783194714260732,2.654936990565028e-06,0.9431703936331229,1.0619747962260112e-05,4.593668413332991e-05,5.035846676952965e-05,0.000945798678565183,0.0009473710488353622
3,0.05412658773652741,20.0,593463,3.167766104010939e-13,1.4222133494542883e-06,1.742419283464526e-05,1.7482139078221212e-05,2.1482927574980555e-05,0.003900209434660467,2.5973403586482116e-06,0.9431703936331229,1.0389361434592846e-05,4.374740998148323e-05,4.8243133167911606e-05,0.0009750523586651167,0.0009764814479617398
